{
  "summary": {
    "accuracy": 0.8999999999999999,
    "perplexity": 0.0,
    "complexity": 111232,
    "robustness_score": 0.888888888888889,
    "weight_sensitivity": 0.09342605043254648,
    "ensemble_improvement": -0.09999999999999987,
    "inference_time_per_sample": 0.0006011009216308593,
    "memory_usage_mb": 0.0
  },
  "basic_evaluation": {
    "mean_performance": 0.8999999999999999,
    "std_performance": 0.09999999999999998,
    "best_performance": 1.0,
    "worst_performance": 0.8,
    "performance_per_weight": [
      1.0,
      1.0,
      1.0,
      0.8,
      0.8,
      0.8
    ],
    "weight_samples": [
      -2.5,
      -1.0,
      -0.5,
      0.5,
      1.0,
      2.5
    ]
  },
  "weight_sensitivity": {
    "weight_values": [
      -3.0,
      -2.793103448275862,
      -2.586206896551724,
      -2.3793103448275863,
      -2.1724137931034484,
      -1.9655172413793103,
      -1.7586206896551724,
      -1.5517241379310345,
      -1.3448275862068966,
      -1.1379310344827587,
      -0.9310344827586206,
      -0.7241379310344827,
      -0.5172413793103448,
      -0.31034482758620685,
      -0.10344827586206895,
      0.10344827586206895,
      0.31034482758620685,
      0.5172413793103448,
      0.7241379310344827,
      0.9310344827586206,
      1.137931034482759,
      1.3448275862068968,
      1.5517241379310347,
      1.7586206896551726,
      1.9655172413793105,
      2.1724137931034484,
      2.3793103448275863,
      2.586206896551724,
      2.793103448275862,
      3.0
    ],
    "performances": [
      1.0,
      0.8,
      0.8,
      0.8,
      0.8,
      1.0,
      1.0,
      1.0,
      1.0,
      1.0,
      1.0,
      1.0,
      1.0,
      0.8,
      1.0,
      1.0,
      0.8,
      1.0,
      0.8,
      1.0,
      1.0,
      1.0,
      0.8,
      1.0,
      1.0,
      1.0,
      1.0,
      1.0,
      1.0,
      1.0
    ],
    "mean_performance": 0.9466666666666667,
    "std_performance": 0.08844332774281066,
    "best_weight": -3.0,
    "best_performance": 1.0,
    "weight_sensitivity": 0.09342605043254648
  },
  "ensemble_analysis": {
    "ensemble_accuracy": 0.8,
    "num_weight_instances": 6,
    "total_samples": 5
  }
}